PSNR,LPIPS,Semantic Distance
24.475143432617188,0.18954399228096008,0.6256073117256165
24.941818237304688,0.1847349852323532,0.6348657608032227
24.363319396972656,0.20482970774173737,0.5817652940750122
