PSNR,LPIPS,Semantic Distance
25.02971649169922,0.19787393510341644,1.112567663192749
24.440156936645508,0.23390452563762665,0.9204860329627991
24.538541793823242,0.16932575404644012,1.0488790273666382
